d,district,property_type,last_published_date_day,last_published_date_month,last_published_date_year,num_bathrooms,num_bedrooms,num_floors,num_recepts,price
d,19,3,11,9,2019,5,6,0,5,1200000
d,16,3,11,9,2019,4,6,0,4,1200000
d,16,3,11,9,2019,2,5,0,4,925000
d,30,3,13,9,2019,4,5,0,2,925000
d,30,3,11,9,2019,2,5,0,2,900000
d,16,3,10,9,2019,4,5,0,3,900000
d,16,3,11,9,2019,3,5,0,3,900000
d,17,3,11,9,2019,1,5,0,4,900000
d,30,3,11,9,2019,4,5,0,2,900000
d,16,3,11,9,2019,1,5,0,4,900000
d,30,3,11,9,2019,4,6,0,4,899950
d,16,3,10,9,2019,3,5,0,2,925000
d,30,3,11,9,2019,2,4,0,2,899950
d,30,3,12,9,2019,2,4,0,0,850000
d,16,3,11,9,2019,3,4,0,2,850000
d,30,3,12,9,2019,2,4,0,2,830000
d,15,2,14,9,2019,3,12,0,2,830000
d,30,3,12,9,2019,2,4,0,2,750000
d,16,3,11,9,2019,3,6,0,3,775000
d,30,3,12,9,2019,2,4,0,0,750000
d,17,3,10,9,2019,4,8,0,2,750000
d,17,3,10,9,2019,0,8,0,0,750000
d,30,3,12,9,2019,2,4,0,0,750000
d,14,8,10,9,2019,0,4,0,0,780000
d,30,3,10,9,2019,1,4,0,2,750000
d,14,5,11,9,2019,3,2,0,1,750000
d,14,1,14,9,2019,2,4,0,3,750000
d,16,3,11,9,2019,2,5,0,1,750000
d,16,3,11,9,2019,2,4,0,3,750000
d,14,0,14,9,2019,2,3,0,1,735000
d,14,5,14,9,2019,0,3,0,0,735000
d,14,5,14,9,2019,0,3,0,0,725000
d,30,3,12,9,2019,0,6,0,0,750000
d,17,3,11,9,2019,2,4,0,3,725000
d,17,3,10,9,2019,2,4,0,2,725000
d,17,3,10,9,2019,1,4,0,3,725000
d,16,3,11,9,2019,3,6,0,3,725000
d,16,3,14,9,2019,1,6,0,3,750000
d,15,3,12,9,2019,1,4,0,2,725000
d,14,2,14,9,2019,3,9,0,2,700000
d,16,3,10,9,2019,2,4,0,2,700000
d,17,3,14,9,2019,1,4,0,3,699950
d,18,3,12,9,2019,3,4,0,2,699950
d,16,3,11,9,2019,1,4,0,3,684950
d,15,3,10,9,2019,0,4,0,0,684950
d,30,3,12,9,2019,2,4,0,2,675000
d,14,5,10,9,2019,0,3,0,0,675000
d,16,3,11,9,2019,2,4,0,3,675000
d,14,2,11,9,2019,2,8,0,2,600000
d,14,5,10,9,2019,2,3,0,1,675000
d,14,5,12,9,2019,2,2,0,1,664950
d,16,3,11,9,2019,2,4,0,2,665000
d,30,3,11,9,2019,1,5,0,2,664950
d,14,8,14,9,2019,0,4,0,0,650000
d,30,3,10,9,2019,2,4,0,3,725000
d,16,3,11,9,2019,2,5,0,2,690000
d,16,3,14,9,2019,1,4,0,3,650000
d,30,3,13,9,2019,2,5,0,2,650000
d,18,3,12,9,2019,2,5,0,1,675000
d,18,7,11,9,2019,1,4,0,2,650000
d,18,3,11,9,2019,2,4,0,2,650000
d,17,3,11,9,2019,2,4,0,2,650000
d,18,3,12,9,2019,2,4,0,0,650000
d,18,3,12,9,2019,2,4,0,1,735000
d,14,8,11,9,2019,3,4,0,2,700000
d,30,3,11,9,2019,4,5,0,2,675000
d,18,3,11,9,2019,1,4,0,2,650000
d,16,0,11,9,2019,0,0,0,0,649950
d,17,3,11,9,2019,2,4,0,2,675000
d,30,3,11,9,2019,2,4,0,4,649950
d,30,3,12,9,2019,1,5,0,2,630000
d,30,3,14,9,2019,1,4,0,2,630000
d,16,3,14,9,2019,1,4,0,3,630000
d,17,3,14,9,2019,0,4,0,0,650000
d,14,0,11,9,2019,0,4,0,0,630000
d,19,3,11,9,2019,3,4,0,3,600000
d,14,5,11,9,2019,0,2,0,0,600000
d,15,2,11,9,2019,2,5,0,2,595000
d,14,5,11,9,2019,2,2,0,1,595000
d,16,3,11,9,2019,0,4,0,0,595000
d,19,3,11,9,2019,2,4,0,2,595000
d,15,3,11,9,2019,1,3,0,2,585000
d,16,3,11,9,2019,1,3,0,2,600000
d,16,3,11,9,2019,1,5,0,2,585000
d,18,3,11,9,2019,0,3,0,0,585000
d,30,3,11,9,2019,2,4,0,2,600000
d,16,3,12,9,2019,1,5,0,2,585000
d,16,2,11,9,2019,1,4,0,1,585000
d,19,3,12,9,2019,1,4,0,3,599995
d,19,3,11,9,2019,2,3,0,2,585000
d,18,3,12,9,2019,3,5,0,3,580000
d,18,3,14,9,2019,3,4,0,3,595000
d,30,3,11,9,2019,1,4,0,2,599995
d,19,3,10,9,2019,1,3,0,4,580000
d,18,3,11,9,2019,2,4,0,1,580000
d,18,7,13,9,2019,2,5,0,1,599995
d,14,5,14,9,2019,1,3,0,1,580000
d,30,3,11,9,2019,0,4,0,0,575000
d,30,3,12,9,2019,3,4,0,2,575000
d,17,3,11,9,2019,2,3,0,2,575000
d,30,3,11,9,2019,1,4,0,2,430000
d,30,3,11,9,2019,3,4,0,1,450000
d,14,5,11,9,2019,2,2,0,1,440000
d,16,3,11,9,2019,2,4,0,4,430000
d,15,3,11,9,2019,4,4,0,4,425000
d,16,1,13,9,2019,2,3,0,1,450000
d,19,3,14,9,2019,2,3,0,1,440000
d,16,1,13,9,2019,1,3,0,1,425000
d,14,5,14,9,2019,3,3,0,1,425000
d,14,5,10,9,2019,0,2,0,0,450000
d,15,3,14,9,2019,0,4,0,0,425000
d,14,5,11,9,2019,0,2,0,0,425000
d,19,3,14,9,2019,2,6,0,4,450000
d,16,3,11,9,2019,2,4,0,3,425000
d,16,3,10,9,2019,1,4,0,3,425000
d,16,3,11,9,2019,1,3,0,2,460000
d,30,3,11,9,2019,1,5,0,1,425000
d,30,3,11,9,2019,2,4,0,2,425000
d,16,0,11,9,2019,0,4,0,0,425000
d,18,3,11,9,2019,1,4,0,2,425000
d,18,3,14,9,2019,2,4,0,2,425000
d,17,3,10,9,2019,1,3,0,2,425000
d,14,2,10,9,2019,3,6,0,2,425000
d,18,3,11,9,2019,1,3,0,2,420000
d,16,3,11,9,2019,1,3,0,3,475000
d,16,2,10,9,2019,1,3,0,2,450000
d,30,3,11,9,2019,1,4,0,2,420000
d,14,5,12,9,2019,1,2,0,1,415000
d,30,3,11,9,2019,1,4,0,1,425000
d,15,0,14,9,2019,1,4,0,1,415000
d,17,5,11,9,2019,2,3,0,1,410000
d,18,5,11,9,2019,0,2,0,0,410000
d,17,5,11,9,2019,1,2,0,1,400000
d,30,7,13,9,2019,2,3,0,1,400000
d,15,2,11,9,2019,1,4,0,2,400000
d,16,2,11,9,2019,3,6,0,2,400000
d,18,3,11,9,2019,1,4,0,2,400000
d,15,2,12,9,2019,1,3,0,3,400000
d,31,3,11,9,2019,1,4,0,2,400000
d,19,3,13,9,2019,2,3,0,2,400000
d,14,5,11,9,2019,0,2,0,0,400000
d,19,2,11,9,2019,2,4,0,2,415000
d,19,3,14,9,2019,1,3,0,1,400000
d,15,2,10,9,2019,2,4,0,2,400000
d,19,3,14,9,2019,1,4,0,2,425000
d,16,0,11,9,2019,1,3,0,1,400000
d,16,3,14,9,2019,1,3,0,1,400000
d,30,3,11,9,2019,1,3,0,2,410000
d,30,3,11,9,2019,2,4,0,0,400000
d,30,3,11,9,2019,1,3,0,3,400000
d,16,2,11,9,2019,1,3,0,2,400000
d,30,3,12,9,2019,2,4,0,1,400000
d,18,5,10,9,2019,0,2,0,0,425000
d,19,3,13,9,2019,0,3,0,0,400000
d,18,5,10,9,2019,0,2,0,0,400000
d,16,2,11,9,2019,0,3,0,0,425000
d,15,2,10,9,2019,2,6,0,1,400000
d,18,7,11,9,2019,2,4,0,1,395000
d,15,2,11,9,2019,2,6,0,1,395000
d,18,7,11,9,2019,1,3,0,2,390000
d,19,3,13,9,2019,1,3,0,2,410000
d,30,3,11,9,2019,2,4,0,2,390000
d,14,5,10,9,2019,0,2,0,0,390000
d,18,0,11,9,2019,1,3,0,1,400000
d,18,2,11,9,2019,2,4,0,3,390000
d,18,5,10,9,2019,0,2,0,0,389950
d,19,3,13,9,2019,1,4,0,2,389950
d,18,7,13,9,2019,2,4,0,2,385000
d,30,7,13,9,2019,2,2,0,1,385000
d,18,3,11,9,2019,3,3,0,1,385000
d,14,5,11,9,2019,2,2,0,1,399950
d,30,3,11,9,2019,1,3,0,1,385000
d,19,2,14,9,2019,4,5,0,5,385000
d,18,3,11,9,2019,1,3,0,2,385000
d,16,2,12,9,2019,2,5,0,3,385000
d,30,3,11,9,2019,1,3,0,2,385000
d,17,0,11,9,2019,0,6,0,0,385000
d,14,8,11,9,2019,0,3,0,0,400000
d,17,0,11,9,2019,2,4,0,3,385000
d,30,2,11,9,2019,2,4,0,2,380000
d,16,3,11,9,2019,0,3,0,0,380000
d,17,3,11,9,2019,0,3,0,0,380000
d,19,0,11,9,2019,2,2,1,2,379970
d,16,3,11,9,2019,1,3,0,1,379970
d,16,0,10,9,2019,1,4,0,2,375000
d,17,0,11,9,2019,0,3,0,0,385000
d,18,3,14,9,2019,2,3,0,3,375000
d,14,8,11,9,2019,1,3,0,1,375000
d,17,5,11,9,2019,2,2,0,1,400000
d,19,3,11,9,2019,1,3,0,2,375000
d,14,0,13,9,2019,2,4,0,0,375000
d,15,5,11,9,2019,2,3,0,1,375000
d,19,2,11,9,2019,0,4,0,0,375000
d,19,3,13,9,2019,1,3,0,1,385000
d,18,3,12,9,2019,1,3,0,2,375000
d,30,3,13,9,2019,1,4,0,1,375000
d,19,3,14,9,2019,1,3,0,2,375000
d,17,2,14,9,2019,1,3,0,2,375000
d,15,2,14,9,2019,1,3,0,2,400000
d,19,7,12,9,2019,2,3,0,2,385000
d,16,2,11,9,2019,1,3,0,3,330000
d,15,5,11,9,2019,2,3,0,1,330000
d,30,3,11,9,2019,1,3,0,2,330000
d,15,2,11,9,2019,0,4,0,0,330000
d,19,7,12,9,2019,2,3,0,2,330000
d,15,7,11,9,2019,1,3,0,2,340000
d,15,2,14,9,2019,1,3,0,1,330000
d,19,3,11,9,2019,1,4,0,2,330000
d,19,0,14,9,2019,2,3,0,1,350000
d,18,2,14,9,2019,1,3,0,1,340000
d,15,2,11,9,2019,1,3,0,2,330000
d,16,5,10,9,2019,0,2,0,0,330000
d,16,2,11,9,2019,2,3,0,0,330000
d,18,2,14,9,2019,2,4,0,2,330000
d,17,5,11,9,2019,2,2,0,1,350000
d,14,5,11,9,2019,2,2,0,1,340000
d,16,2,11,9,2019,1,3,0,2,330000
d,14,5,13,9,2019,2,2,0,1,300000
d,15,2,11,9,2019,0,4,0,0,330000
d,15,2,11,9,2019,1,3,0,2,330000
d,30,3,12,9,2019,2,3,0,1,340000
d,30,1,11,9,2019,2,3,0,1,330000
d,18,2,14,9,2019,2,3,0,2,330000
d,18,7,11,9,2019,1,4,0,1,350000
d,14,5,11,9,2019,2,2,0,1,330000
d,14,5,14,9,2019,2,2,0,1,330000
d,18,2,13,9,2019,2,4,0,2,330000
d,16,2,11,9,2019,1,3,2,2,330000
d,17,0,12,9,2019,0,3,0,0,330000
d,14,5,11,9,2019,1,2,0,1,329950
d,14,8,11,9,2019,2,5,0,1,340000
d,14,5,11,9,2019,2,2,0,1,339950
d,15,2,13,9,2019,0,6,0,0,329950
d,16,5,11,9,2019,1,2,0,1,329950
d,14,5,14,9,2019,2,2,0,1,350000
d,19,2,11,9,2019,2,3,0,3,329950
d,19,0,14,9,2019,1,4,0,2,329950
d,18,2,14,9,2019,1,3,0,1,329950
d,17,3,14,9,2019,1,3,0,2,329950
d,17,2,14,9,2019,2,4,0,3,329950
d,15,0,14,9,2019,2,3,0,2,327950
d,19,3,12,9,2019,1,3,0,1,319950
d,19,2,12,9,2019,0,3,0,0,327950
d,16,1,11,9,2019,1,3,0,1,325000
d,30,0,11,9,2019,1,3,0,1,325000
d,18,3,14,9,2019,1,4,0,2,325000
d,19,2,13,9,2019,1,3,0,2,325000
d,18,3,11,9,2019,2,3,0,2,325000
d,18,2,11,9,2019,1,4,0,2,350000
d,18,7,11,9,2019,1,3,0,2,340000
d,18,0,11,9,2019,3,3,0,3,325000
d,16,7,11,9,2019,1,3,0,1,325000
d,19,5,11,9,2019,2,2,0,1,325000
d,14,5,11,9,2019,2,2,0,1,325000
d,19,5,10,9,2019,0,2,1,1,330000
d,19,2,12,9,2019,0,3,0,0,325000
d,30,7,10,9,2019,1,3,0,1,325000
d,14,5,12,9,2019,0,2,0,0,365000
d,19,3,14,9,2019,1,3,0,2,355000
d,15,3,11,9,2019,0,3,0,0,325000
d,30,8,11,9,2019,2,3,0,1,325000
d,15,2,11,9,2019,0,4,0,0,325000
d,30,3,11,9,2019,3,3,0,3,325000
d,15,2,11,9,2019,1,3,0,3,325000
d,18,0,11,9,2019,1,3,0,1,325000
d,17,5,11,9,2019,2,2,0,1,350000
d,15,2,11,9,2019,2,3,0,3,325000
d,15,5,11,9,2019,1,3,0,1,325000
d,15,2,11,9,2019,1,3,0,2,325000
d,15,0,10,9,2019,1,3,0,2,325000
d,15,2,11,9,2019,0,3,0,0,325000
d,14,5,14,9,2019,2,2,0,1,325000
d,15,1,14,9,2019,2,3,0,2,350000
d,15,2,14,9,2019,1,3,0,1,325000
d,14,5,11,9,2019,3,2,0,1,325000
d,30,8,11,9,2019,2,3,0,2,325000
d,19,8,11,9,2019,2,3,0,1,325000
d,16,3,11,9,2019,1,3,0,1,325000
d,15,2,11,9,2019,0,4,0,0,325000
d,16,0,11,9,2019,1,3,0,1,325000
d,19,3,11,9,2019,0,4,0,0,325000
d,30,8,11,9,2019,2,3,0,0,325000
d,16,5,11,9,2019,1,2,0,1,325000
d,16,2,11,9,2019,2,3,0,3,340000
d,19,2,11,9,2019,1,3,0,1,325000
d,19,3,11,9,2019,1,3,0,3,330000
d,18,7,11,9,2019,2,2,0,2,325000
d,16,2,10,9,2019,2,3,0,2,325000
d,16,2,11,9,2019,1,3,0,2,350000
d,14,5,10,9,2019,1,2,0,1,325000
d,15,2,14,9,2019,1,3,0,1,325000
d,16,2,11,9,2019,1,3,0,1,325000
d,17,0,11,9,2019,0,5,0,0,325000
d,14,5,11,9,2019,0,2,0,0,325000
d,19,0,14,9,2019,1,4,0,2,325000
d,30,2,14,9,2019,1,2,0,2,325000
d,30,2,14,9,2019,1,2,0,2,325000
d,19,0,11,9,2019,1,3,0,1,325000
d,19,3,14,9,2019,1,3,0,1,325000
d,30,8,11,9,2019,2,3,0,1,350000
d,18,3,11,9,2019,1,3,2,2,299950
d,15,0,11,9,2019,2,5,0,1,335000
d,15,3,14,9,2019,1,3,0,2,310000
d,17,0,11,9,2019,2,4,0,1,299950
d,14,0,10,9,2019,2,5,0,1,299950
d,14,5,11,9,2019,2,4,0,1,299950
d,15,2,11,9,2019,0,3,0,0,299950
d,17,2,10,9,2019,1,3,0,2,299950
d,18,7,11,9,2019,0,3,0,0,299950
d,17,2,11,9,2019,0,4,0,0,299950
d,14,3,11,9,2019,0,0,0,0,299950
d,16,7,13,9,2019,2,3,0,2,299950
d,16,3,13,9,2019,1,3,0,2,299950
d,18,5,10,9,2019,0,2,0,0,299950
d,30,0,11,9,2019,1,2,1,1,299950
d,18,5,10,9,2019,0,2,0,0,325000
d,17,2,11,9,2019,1,5,0,1,309950
d,19,3,10,9,2019,1,3,0,2,299950
d,19,2,11,9,2019,2,3,0,2,299950
d,17,2,12,9,2019,1,3,0,2,305000
d,19,3,11,9,2019,1,3,0,2,299950
d,15,2,11,9,2019,2,3,0,2,299950
d,16,5,11,9,2019,1,2,0,1,299950
d,15,2,11,9,2019,2,4,0,2,297950
d,18,7,11,9,2019,1,2,0,1,297950
d,15,2,11,9,2019,0,3,0,0,295000
d,17,2,11,9,2019,1,4,0,2,295000
d,30,0,11,9,2019,0,2,0,0,295000
d,30,8,12,9,2019,2,3,0,1,295000
d,19,0,14,9,2019,1,3,0,2,295000
d,15,2,11,9,2019,0,4,0,0,295000
d,19,3,11,9,2019,1,3,0,2,295000
d,19,5,11,9,2019,0,2,1,1,295000
d,18,2,11,9,2019,1,3,0,2,295000
d,16,2,11,9,2019,2,3,0,3,295000
d,18,3,13,9,2019,2,3,0,1,295000
d,30,0,11,9,2019,1,2,0,0,295000
d,19,2,14,9,2019,1,3,0,2,295000
d,19,2,11,9,2019,1,3,0,2,290000
d,19,2,12,9,2019,2,3,0,2,280000
d,30,2,11,9,2019,1,3,0,1,300000
d,19,2,11,9,2019,2,3,0,3,295000
d,14,8,11,9,2019,2,4,0,2,294000
d,16,8,11,9,2019,3,4,0,1,300000
d,30,2,11,9,2019,0,3,0,0,294000
d,14,0,10,9,2019,1,4,0,2,290000
d,16,3,12,9,2019,1,3,0,2,290000
d,14,8,10,9,2019,1,3,0,2,290000
d,14,1,12,9,2019,1,3,0,1,300000
d,19,5,10,9,2019,0,2,1,1,290000
d,19,5,10,9,2019,0,2,1,1,290000
d,17,5,11,9,2019,2,2,0,0,290000
d,19,7,13,9,2019,1,3,0,2,290000
d,19,5,10,9,2019,0,2,1,1,290000
d,14,5,10,9,2019,2,2,0,1,290000
d,14,5,11,9,2019,2,2,0,1,300000
d,16,3,11,9,2019,1,3,0,1,290000
d,19,7,13,9,2019,1,3,0,1,290000
d,30,2,12,9,2019,1,3,0,2,300000
d,15,0,11,9,2019,3,1,0,2,290000
d,18,3,11,9,2019,1,3,0,2,290000
d,18,7,12,9,2019,1,2,0,1,300000
d,14,5,10,9,2019,0,2,0,0,290000
d,15,0,13,9,2019,2,5,0,1,290000
d,18,2,13,9,2019,1,3,0,1,325000
d,15,2,11,9,2019,1,4,0,1,310000
d,19,0,11,9,2019,3,4,0,1,300000
d,19,2,11,9,2019,1,3,0,1,290000
d,30,2,12,9,2019,1,2,0,2,290000
d,16,2,12,9,2019,0,3,0,0,300000
d,14,1,11,9,2019,1,3,0,2,290000
d,16,2,12,9,2019,1,3,0,2,290000
d,15,2,12,9,2019,0,3,0,2,290000
d,30,2,11,9,2019,1,3,0,1,290000
d,18,0,12,9,2019,1,3,0,1,300000
d,15,1,12,9,2019,1,3,0,3,290000
d,17,0,14,9,2019,2,5,0,1,290000
d,15,0,11,9,2019,1,2,0,2,299950
d,15,2,11,9,2019,2,4,0,1,290000
d,16,0,11,9,2019,0,4,0,0,290000
d,15,1,11,9,2019,1,3,0,1,300000
d,19,2,11,9,2019,2,4,0,3,290000
d,17,2,11,9,2019,1,4,0,2,290000
d,16,0,10,9,2019,1,3,0,1,290000
d,18,3,11,9,2019,0,3,0,0,290000
d,16,1,11,9,2019,2,4,0,1,290000
d,17,0,11,9,2019,0,5,0,0,300000
d,15,8,11,9,2019,0,3,0,0,290000
d,17,0,14,9,2019,2,5,0,0,290000
d,16,5,10,9,2019,2,2,0,2,300000
d,18,5,11,9,2019,1,2,0,1,290000
d,14,0,14,9,2019,0,3,0,0,290000
d,17,0,11,9,2019,0,0,0,0,325000
d,14,0,11,9,2019,1,4,0,2,300000
d,17,0,11,9,2019,2,5,0,0,290000
d,16,2,12,9,2019,2,3,0,0,289995
d,17,0,11,9,2019,1,5,0,1,300000
d,15,2,11,9,2019,0,3,0,0,289995
d,15,2,11,9,2019,2,3,0,2,289950
d,15,2,11,9,2019,1,3,0,2,289950
d,17,1,11,9,2019,0,5,0,0,270000
d,15,0,11,9,2019,0,4,0,0,270000
d,16,3,11,9,2019,0,3,0,0,270000
d,19,2,11,9,2019,2,3,0,3,270000
d,15,2,12,9,2019,1,3,0,2,270000
d,14,5,11,9,2019,2,2,0,1,270000
d,15,2,11,9,2019,1,3,0,1,270000
d,30,1,11,9,2019,1,3,0,1,270000
d,15,2,11,9,2019,1,4,0,1,270000
d,17,2,12,9,2019,1,5,0,1,270000
d,30,2,11,9,2019,1,3,0,1,270000
d,14,2,11,9,2019,1,4,0,1,270000
d,14,8,10,9,2019,1,3,0,1,270000
d,16,2,12,9,2019,1,3,0,2,270000
d,16,7,11,9,2019,1,2,0,1,270000
d,17,2,11,9,2019,1,5,0,0,270000
d,15,2,11,9,2019,1,3,0,2,270000
d,18,2,11,9,2019,1,3,0,1,280000
d,19,2,11,9,2019,1,3,0,2,270000
d,16,2,11,9,2019,1,3,0,2,270000
d,18,1,11,9,2019,1,3,0,1,270000
d,19,2,11,9,2019,1,3,0,2,270000
d,19,2,11,9,2019,2,3,0,2,270000
d,16,2,11,9,2019,1,4,0,2,270000
d,17,0,10,9,2019,2,5,0,1,270000
d,14,5,13,9,2019,0,2,0,0,270000
d,18,2,11,9,2019,1,3,0,1,310000
d,17,5,11,9,2019,2,2,0,1,300000
d,14,5,10,9,2019,2,2,0,1,295000
d,19,2,11,9,2019,2,3,0,3,290000
d,17,2,11,9,2019,2,3,0,2,280000
d,16,2,11,9,2019,1,3,0,1,270000
d,16,2,11,9,2019,2,4,0,1,270000
d,19,0,11,9,2019,2,3,0,1,270000
d,19,8,12,9,2019,2,3,0,1,270000
d,17,0,11,9,2019,2,5,0,1,280000
d,16,2,11,9,2019,1,3,0,0,275000
d,15,3,11,9,2019,1,3,0,0,269500
d,19,2,11,9,2019,1,2,0,1,270000
d,30,0,13,9,2019,3,3,0,1,270000
d,16,1,11,9,2019,1,3,0,1,298000
d,15,3,11,9,2019,1,3,0,2,295000
d,30,0,13,9,2019,3,3,0,1,285000
d,30,0,12,9,2019,2,3,0,1,280000
d,19,2,11,9,2019,1,3,0,2,270000
d,19,2,12,9,2019,1,2,0,1,270000
d,16,2,11,9,2019,2,3,0,2,270000
d,19,2,12,9,2019,1,2,0,1,270000
d,18,3,13,9,2019,1,3,0,1,280000
d,19,7,11,9,2019,1,2,0,1,270000
d,14,5,14,9,2019,1,3,0,1,270000
d,16,2,10,9,2019,1,4,0,1,295000
d,19,0,11,9,2019,1,2,0,1,290000
d,14,5,12,9,2019,0,2,0,0,275000
d,14,5,11,9,2019,2,2,0,1,270000
d,15,5,11,9,2019,0,3,0,0,270000
d,15,2,12,9,2019,0,3,0,0,280000
d,14,5,11,9,2019,2,2,0,0,270000
d,16,5,13,9,2019,2,2,0,0,270000
d,19,7,11,9,2019,1,3,0,2,280000
d,19,0,11,9,2019,0,2,2,1,270000
d,19,1,12,9,2019,2,2,0,2,270000
d,15,5,13,9,2019,2,2,0,1,280000
d,30,0,11,9,2019,3,3,0,1,270000
d,30,2,10,9,2019,1,3,0,2,270000
d,15,1,14,9,2019,2,3,0,1,270000
d,17,5,11,9,2019,2,3,0,1,260000
d,15,2,11,9,2019,1,4,0,1,270000
d,14,5,11,9,2019,2,2,0,1,270000
d,30,1,13,9,2019,1,3,0,0,280000
d,16,5,11,9,2019,1,2,0,1,270000
d,15,0,12,9,2019,1,3,0,1,270000
d,14,5,10,9,2019,2,2,0,1,270000
d,16,5,11,9,2019,2,2,0,1,270000
d,16,5,11,9,2019,1,2,0,1,270000
d,15,3,11,9,2019,1,3,0,2,270000
d,15,2,12,9,2019,1,4,0,2,280000
d,19,7,11,9,2019,0,3,0,0,270000
d,14,5,11,9,2019,1,2,0,1,270000
d,19,2,11,9,2019,1,3,0,2,290000
d,15,2,11,9,2019,1,3,0,2,280000
d,19,2,11,9,2019,1,3,0,2,270000
d,16,2,10,9,2019,0,3,0,0,270000
d,18,2,11,9,2019,2,3,0,1,270000
d,14,5,13,9,2019,2,2,0,1,270000
d,19,2,14,9,2019,1,3,0,2,280000
d,30,2,13,9,2019,1,2,0,1,270000
d,15,0,11,9,2019,1,4,0,1,270000
d,15,2,14,9,2019,0,4,0,0,280000
d,15,2,10,9,2019,1,4,0,2,270000
d,15,1,11,9,2019,0,3,0,0,270000
d,16,0,14,9,2019,2,3,0,2,270000
d,18,2,11,9,2019,0,3,0,0,270000
d,18,1,10,9,2019,1,3,0,1,270000
d,19,0,14,9,2019,0,3,0,0,269995
d,15,2,11,9,2019,1,4,0,2,269995
d,16,0,12,9,2019,0,3,0,0,269995
d,14,5,11,9,2019,0,2,0,0,269995
d,16,2,11,9,2019,0,3,0,0,269950
d,30,1,11,9,2019,1,3,0,1,285000
d,14,5,11,9,2019,0,2,0,0,255000
d,16,2,11,9,2019,0,3,0,0,255000
d,19,0,11,9,2019,0,3,0,0,255000
d,17,5,11,9,2019,1,1,0,1,265000
d,19,5,10,9,2019,0,2,1,1,255000
d,19,0,10,9,2019,1,3,0,1,255000
d,18,4,11,9,2019,1,4,0,1,255000
d,16,0,11,9,2019,0,4,0,0,254950
d,14,2,11,9,2019,1,3,0,2,251950
d,19,0,11,9,2019,1,2,0,1,254950
d,16,2,13,9,2019,1,3,0,1,250000
d,19,2,11,9,2019,3,3,0,2,250000
d,15,0,11,9,2019,1,3,0,1,270000
d,16,0,11,9,2019,0,2,0,0,250000
d,18,2,10,9,2019,1,3,0,2,240000
d,17,5,12,9,2019,0,2,0,0,250000
d,19,0,11,9,2019,0,2,0,0,250000
d,30,2,11,9,2019,1,3,0,1,270000
d,17,2,11,9,2019,1,4,0,0,260000
d,19,2,10,9,2019,1,3,0,1,250000
d,19,3,11,9,2019,1,2,0,2,250000
d,16,0,14,9,2019,0,3,0,0,250000
d,17,2,11,9,2019,2,4,0,1,250000
d,14,5,11,9,2019,2,2,0,1,250000
d,19,2,13,9,2019,1,3,0,2,250000
d,19,2,14,9,2019,0,2,0,0,260000
d,19,5,12,9,2019,1,2,0,1,250000
d,19,3,11,9,2019,1,2,0,1,250000
d,19,5,11,9,2019,2,2,0,1,250000
d,14,5,10,9,2019,0,2,0,0,250000
d,19,8,11,9,2019,3,4,0,3,250000
d,15,1,12,9,2019,0,3,0,0,240000
d,19,3,11,9,2019,1,3,0,2,250000
d,16,0,11,9,2019,1,3,0,1,265000
d,19,7,11,9,2019,1,3,0,1,250000
d,16,2,14,9,2019,0,3,0,0,250000
d,14,5,14,9,2019,2,2,0,1,264950
d,14,5,13,9,2019,1,2,0,1,249950
d,17,5,14,9,2019,2,2,0,1,264950
d,17,5,14,9,2019,0,2,0,0,250000
d,16,0,11,9,2019,1,2,0,2,250000
d,30,2,11,9,2019,1,3,0,0,250000
d,17,0,11,9,2019,0,0,0,0,250000
d,19,0,11,9,2019,1,3,0,2,250000
d,30,0,11,9,2019,1,3,0,1,250000
d,19,0,14,9,2019,1,3,0,1,260000
d,16,5,13,9,2019,2,2,0,1,250000
d,15,0,11,9,2019,2,3,0,2,250000
d,19,7,11,9,2019,0,2,0,0,250000
d,14,8,11,9,2019,1,4,0,1,250000
d,17,5,11,9,2019,1,1,0,1,250000
d,14,8,11,9,2019,2,4,0,1,250000
d,16,2,11,9,2019,0,3,0,0,265000
d,15,2,11,9,2019,1,3,0,2,250000
d,19,2,12,9,2019,0,3,0,0,250000
d,15,0,11,9,2019,1,3,0,2,250000
d,16,1,11,9,2019,0,3,0,0,250000
d,15,1,14,9,2019,0,3,0,0,250000
d,18,7,13,9,2019,0,2,0,0,250000
d,18,7,12,9,2019,1,4,0,1,260000
d,14,5,11,9,2019,2,2,0,1,250000
d,14,5,14,9,2019,2,2,0,1,250000
d,18,7,12,9,2019,1,2,0,2,270000
d,30,2,10,9,2019,1,3,0,1,260000
d,19,0,11,9,2019,1,3,0,2,250000
d,19,2,11,9,2019,1,3,0,1,250000
d,19,3,13,9,2019,1,3,0,1,250000
d,19,0,11,9,2019,1,3,0,1,250000
d,16,0,11,9,2019,2,2,0,1,250000
d,14,5,11,9,2019,2,2,0,0,250000
d,30,0,13,9,2019,1,2,0,1,250000
d,14,5,11,9,2019,1,1,0,1,250000
d,19,2,13,9,2019,2,3,0,2,250000
d,17,0,12,9,2019,1,4,0,1,250000
d,18,5,10,9,2019,0,1,0,0,250000
d,19,7,12,9,2019,1,2,0,1,250000
d,16,2,10,9,2019,1,4,0,0,285000
d,19,2,11,9,2019,3,3,0,2,279000
d,19,0,14,9,2019,1,3,0,1,270000
d,16,1,11,9,2019,0,4,0,0,250000
d,30,2,13,9,2019,1,2,0,1,250000
d,17,5,11,9,2019,2,2,0,1,250000
d,16,2,11,9,2019,1,4,0,1,250000
d,19,0,14,9,2019,1,2,0,1,250000
d,16,1,12,9,2019,1,3,0,1,250000
d,17,0,14,9,2019,0,3,0,0,260000
d,19,0,11,9,2019,1,2,0,1,250000
d,17,2,11,9,2019,0,4,0,0,250000
d,18,3,12,9,2019,1,3,0,2,250000
d,19,3,11,9,2019,1,3,0,1,250000
d,16,1,11,9,2019,1,3,0,1,300000
d,14,5,14,9,2019,0,2,0,1,280000
d,16,2,14,9,2019,1,3,0,0,265000
d,16,0,11,9,2019,3,2,0,1,250000
d,18,2,12,9,2019,2,3,0,1,250000
d,18,0,11,9,2019,1,3,0,2,264950
d,16,1,13,9,2019,1,3,0,2,259950
d,15,5,11,9,2019,2,3,0,2,250000
d,16,0,14,9,2019,2,4,0,1,250000
d,16,1,11,9,2019,1,4,0,2,260000
d,18,2,12,9,2019,2,3,0,1,240000
d,16,1,11,9,2019,1,4,0,2,240000
d,16,1,13,9,2019,1,3,0,2,240000
d,15,5,11,9,2019,2,3,0,2,240000
d,16,0,14,9,2019,2,4,0,1,240000
d,16,1,11,9,2019,1,3,0,1,240000
d,14,0,13,9,2019,1,3,0,1,240000
d,15,5,11,9,2019,2,2,0,1,240000
d,19,7,11,9,2019,0,2,0,0,240000
d,19,1,13,9,2019,0,3,0,0,250000
d,19,2,10,9,2019,1,3,0,1,240000
d,19,0,12,9,2019,1,3,0,1,240000
d,19,0,14,9,2019,0,3,0,0,250000
d,30,1,10,9,2019,2,2,0,1,240000
d,19,0,13,9,2019,1,3,0,2,240000
d,19,2,12,9,2019,1,3,0,2,240000
d,16,2,10,9,2019,1,3,0,2,239950
d,18,2,11,9,2019,1,3,0,1,250000
d,14,5,14,9,2019,2,2,0,1,239950
d,19,2,11,9,2019,2,4,0,2,239950
d,19,2,11,9,2019,0,4,0,0,239950
d,19,2,11,9,2019,1,3,0,1,239950
d,19,3,13,9,2019,1,3,0,2,239950
d,19,0,13,9,2019,1,3,0,1,239950
d,14,5,11,9,2019,1,2,0,0,239950
d,19,2,11,9,2019,1,2,0,2,237950
d,14,5,11,9,2019,2,2,0,1,237950
d,15,0,11,9,2019,1,3,0,1,237950
d,16,0,10,9,2019,1,2,0,1,237950
d,16,1,13,9,2019,1,3,0,2,236250
d,16,0,13,9,2019,1,2,0,2,157500
d,19,0,12,9,2019,1,3,0,1,236250
d,19,2,11,9,2019,1,3,0,1,235000
d,14,5,11,9,2019,1,2,0,1,235000
d,14,5,14,9,2019,0,2,0,0,235000
d,19,2,11,9,2019,1,2,0,1,235000
d,30,2,11,9,2019,1,2,0,1,235000
d,14,0,11,9,2019,1,3,0,1,235000
d,14,1,10,9,2019,1,3,0,2,235000
d,30,0,11,9,2019,1,2,0,2,250000
d,15,2,11,9,2019,2,4,0,2,235000
d,30,0,11,9,2019,1,2,0,2,235000
d,14,0,11,9,2019,2,3,0,3,235000
d,16,0,11,9,2019,1,3,0,1,235000
d,16,0,11,9,2019,1,3,0,1,270000
d,16,0,11,9,2019,1,2,0,1,255000
d,19,0,11,9,2019,1,4,0,2,235000
d,14,5,14,9,2019,2,2,0,1,235000
d,14,5,14,9,2019,2,3,0,1,270000
d,19,0,13,9,2019,1,2,0,1,255000
d,18,0,11,9,2019,1,3,0,1,235000
d,18,5,10,9,2019,1,2,0,1,235000
d,14,5,12,9,2019,1,2,0,1,235000
d,15,3,11,9,2019,0,3,0,0,235000
d,18,7,11,9,2019,1,2,0,2,235000
d,15,1,11,9,2019,1,3,0,1,230000
d,15,5,10,9,2019,1,2,0,1,230000
d,19,2,12,9,2019,1,2,0,2,230000
d,19,0,14,9,2019,2,4,0,2,230000
d,18,2,11,9,2019,1,3,0,2,230000
d,18,5,10,9,2019,0,1,0,0,239950
d,15,5,11,9,2019,1,2,0,1,230000
d,16,0,12,9,2019,1,3,0,1,230000
d,14,2,14,9,2019,1,2,0,1,230000
d,19,2,14,9,2019,1,2,0,2,230000
d,19,0,14,9,2019,1,2,0,1,230000
d,14,1,14,9,2019,1,3,0,2,230000
d,17,2,14,9,2019,1,2,0,1,230000
d,18,0,12,9,2019,1,3,0,1,230000
d,18,2,11,9,2019,1,3,0,3,240000
d,19,7,12,9,2019,1,2,0,2,230000
d,15,5,11,9,2019,0,2,0,0,230000
d,18,0,12,9,2019,1,2,2,2,230000
d,14,5,11,9,2019,2,2,0,1,230000
d,14,0,14,9,2019,0,3,0,0,240000
d,16,0,11,9,2019,1,3,0,0,230000
d,14,5,11,9,2019,0,2,0,0,230000
d,14,5,11,9,2019,1,2,0,0,230000
d,16,0,12,9,2019,1,2,0,2,230000
d,15,5,11,9,2019,1,3,0,1,230000
d,14,0,11,9,2019,1,3,0,1,230000
d,14,0,11,9,2019,1,3,0,2,245000
d,17,0,11,9,2019,1,4,2,1,230000
d,18,0,11,9,2019,1,3,0,2,230000
d,16,0,13,9,2019,1,4,0,1,240000
d,18,1,14,9,2019,1,2,0,0,230000
d,17,0,11,9,2019,1,4,2,1,230000
d,19,2,13,9,2019,1,3,0,1,235000
d,16,0,11,9,2019,1,2,0,1,230000
d,19,2,11,9,2019,1,3,0,1,230000
d,15,5,11,9,2019,0,2,0,0,240000
d,19,2,14,9,2019,1,3,0,2,230000
d,19,1,11,9,2019,1,3,0,2,230000
d,17,0,11,9,2019,1,4,2,1,245000
d,16,1,14,9,2019,1,3,0,1,230000
d,14,5,10,9,2019,2,2,0,1,230000
d,17,5,11,9,2019,1,1,0,1,230000
d,18,5,11,9,2019,1,1,0,1,230000
d,17,5,11,9,2019,2,2,0,1,230000
d,18,1,14,9,2019,1,3,0,1,230000
d,19,0,12,9,2019,1,2,0,1,220000
d,17,5,12,9,2019,1,1,0,1,220000
d,19,0,11,9,2019,1,2,0,1,220000
d,19,1,12,9,2019,1,2,0,1,220000
d,19,2,11,9,2019,1,3,0,2,220000
d,18,1,14,9,2019,1,3,0,1,225000
d,19,2,14,9,2019,1,3,0,1,220000
d,19,5,11,9,2019,2,2,0,1,220000
d,16,1,12,9,2019,2,3,0,1,220000
d,16,5,11,9,2019,0,2,0,0,220000
d,14,5,10,9,2019,2,2,0,1,230000
d,19,1,11,9,2019,1,3,0,1,220000
d,15,5,11,9,2019,2,2,0,1,220000
d,14,8,13,9,2019,2,5,0,0,220000
d,16,0,13,9,2019,1,2,0,1,220000
d,16,0,14,9,2019,1,3,0,2,220000
d,14,5,11,9,2019,2,2,0,1,220000
d,19,2,14,9,2019,1,3,0,1,220000
d,16,2,11,9,2019,2,3,0,2,220000
d,18,0,11,9,2019,1,3,0,2,220000
d,30,0,14,9,2019,1,2,0,1,220000
d,19,0,14,9,2019,1,4,0,2,240000
d,14,0,14,9,2019,1,3,0,1,235000
d,15,5,14,9,2019,1,2,0,1,220000
d,15,0,12,9,2019,1,3,0,2,220000
d,14,5,12,9,2019,1,2,0,1,239995
d,18,5,11,9,2019,1,2,0,1,234950
d,16,0,14,9,2019,1,3,0,1,230000
d,15,2,11,9,2019,2,4,0,2,220000
d,19,1,11,9,2019,1,3,0,1,220000
d,14,5,11,9,2019,2,2,0,1,230000
d,14,5,11,9,2019,1,2,0,1,220000
d,18,5,10,9,2019,0,1,0,0,220000
d,19,2,11,9,2019,1,2,0,1,220000
d,16,2,11,9,2019,0,3,0,0,220000
d,18,0,11,9,2019,1,2,0,1,310000
d,15,5,10,9,2019,1,2,0,1,300000
d,17,5,13,9,2019,2,2,0,1,240000
d,16,2,11,9,2019,1,3,0,2,220000
d,14,5,11,9,2019,1,2,0,0,220000
d,15,5,11,9,2019,2,2,0,1,220000
d,14,5,11,9,2019,1,2,0,0,220000
d,14,0,11,9,2019,1,2,0,2,230000
d,15,1,14,9,2019,0,2,0,0,220000
d,15,0,11,9,2019,0,2,0,0,220000
d,14,0,12,9,2019,0,2,0,0,220000
d,14,5,11,9,2019,1,2,0,1,225000
d,19,2,10,9,2019,1,3,0,2,220000
d,19,2,11,9,2019,1,3,0,2,220000
d,19,2,11,9,2019,1,3,0,2,220000
d,19,2,11,9,2019,1,3,0,2,220000
d,15,2,11,9,2019,0,3,0,0,220000
d,14,5,11,9,2019,2,2,0,1,220000
d,15,5,11,9,2019,1,2,0,1,230000
d,19,2,11,9,2019,1,2,0,2,220000
d,19,2,11,9,2019,1,2,0,2,220000
d,14,5,10,9,2019,1,2,0,1,225000
d,19,1,11,9,2019,1,3,0,2,220000
d,17,5,11,9,2019,1,2,0,1,220000
d,15,5,11,9,2019,1,2,0,1,220000
d,14,1,14,9,2019,1,2,0,1,220000
d,15,7,11,9,2019,1,1,0,1,230000
d,19,0,14,9,2019,1,3,0,1,220000
d,19,0,13,9,2019,1,2,0,1,220000
d,19,0,11,9,2019,1,2,0,1,227995
d,14,5,14,9,2019,2,2,0,1,220000
d,14,5,14,9,2019,2,2,0,1,220000
d,14,5,14,9,2019,2,2,0,0,220000
d,19,0,14,9,2019,1,2,0,2,220000
d,14,5,11,9,2019,0,2,0,0,225000
d,19,0,11,9,2019,2,3,0,2,220000
d,14,5,11,9,2019,1,2,0,1,220000
d,15,5,11,9,2019,2,2,0,1,220000
d,19,0,11,9,2019,1,2,0,1,220000
d,15,5,14,9,2019,1,2,0,1,230000
d,16,6,14,9,2019,1,2,0,1,220000
d,19,2,14,9,2019,1,3,0,1,219950
d,19,0,14,9,2019,0,3,0,0,235000
d,14,0,14,9,2019,1,2,0,1,219950
d,15,5,11,9,2019,1,2,0,1,219950
d,14,0,11,9,2019,1,2,0,2,225000
d,15,5,10,9,2019,2,2,0,1,219950
d,16,1,12,9,2019,0,3,0,0,218950
d,16,1,14,9,2019,0,3,0,0,230000
d,15,5,11,9,2019,0,2,0,0,225000
d,17,5,11,9,2019,1,2,1,1,218950
d,15,5,11,9,2019,1,2,0,1,217500
d,18,0,11,9,2019,1,3,2,1,217500
d,17,5,11,9,2019,1,2,0,1,215000
d,17,5,11,9,2019,1,2,0,1,215000
d,18,0,11,9,2019,1,1,0,1,220000
d,16,1,11,9,2019,0,2,0,0,215000
d,17,5,11,9,2019,1,2,0,1,215000
d,14,5,13,9,2019,2,2,0,1,215000
d,16,1,11,9,2019,1,2,0,1,215000
d,14,5,14,9,2019,1,2,0,1,215000
d,14,5,11,9,2019,2,2,0,1,215000
d,15,0,12,9,2019,1,3,0,2,225000
d,19,0,13,9,2019,1,2,0,1,219995
d,19,5,10,9,2019,1,2,0,1,215000
d,17,1,13,9,2019,0,2,0,0,200000
d,17,1,11,9,2019,1,2,0,2,200000
d,16,0,11,9,2019,1,2,0,0,200000
d,19,0,13,9,2019,1,3,0,1,200000
d,15,0,12,9,2019,1,3,0,2,200000
d,19,0,11,9,2019,0,3,0,0,200000
d,15,5,11,9,2019,2,2,0,1,200000
d,14,5,11,9,2019,1,2,0,1,210000
d,19,0,13,9,2019,1,3,0,2,200000
d,17,2,12,9,2019,1,3,0,2,200000
d,15,0,11,9,2019,1,2,0,2,220000
d,16,2,12,9,2019,2,3,0,1,210000
d,16,1,11,9,2019,1,3,0,1,200000
d,15,2,11,9,2019,0,4,0,0,200000
d,17,5,12,9,2019,1,2,0,1,215000
d,14,5,14,9,2019,1,2,0,1,210000
d,19,0,11,9,2019,1,2,0,2,200000
d,19,5,13,9,2019,1,2,0,1,200000
d,19,7,11,9,2019,1,2,0,1,210000
d,16,2,13,9,2019,0,2,0,0,209000
d,14,0,11,9,2019,1,4,0,1,200000
d,14,5,10,9,2019,2,2,0,1,200000
d,14,5,14,9,2019,1,2,0,1,210000
d,19,5,10,9,2019,2,2,0,1,200000
d,14,5,11,9,2019,1,1,0,0,220000
d,17,1,12,9,2019,1,2,0,2,200000
d,15,5,11,9,2019,1,2,0,1,210000
d,14,5,14,9,2019,1,2,0,1,200000
d,19,0,11,9,2019,2,3,0,1,210000
d,18,1,14,9,2019,1,3,0,1,200000
d,19,0,14,9,2019,1,3,0,1,210000
d,19,0,11,9,2019,1,2,0,1,200000
d,15,5,14,9,2019,1,2,0,1,210000
d,17,0,14,9,2019,1,2,0,2,200000
d,15,5,14,9,2019,1,2,0,1,200000
d,14,5,14,9,2019,1,2,0,0,215000
d,19,1,14,9,2019,1,2,0,1,210000
d,14,5,14,9,2019,1,2,0,1,200000
d,16,2,11,9,2019,1,3,0,2,200000
d,17,5,10,9,2019,1,2,0,1,225000
d,17,2,11,9,2019,1,2,0,2,220000
d,19,1,11,9,2019,1,3,0,1,215000
d,19,2,14,9,2019,1,2,0,1,210000
d,14,0,13,9,2019,1,3,0,2,200000
d,17,5,11,9,2019,2,2,0,1,200000
d,17,1,13,9,2019,1,2,0,0,210000
d,30,5,13,9,2019,2,2,0,1,200000
d,19,0,11,9,2019,1,2,0,1,200000
d,16,0,14,9,2019,0,3,0,0,200000
d,16,0,12,9,2019,1,3,0,0,200000
d,15,5,11,9,2019,2,2,0,1,200000
d,16,5,10,9,2019,1,3,0,1,200000
d,15,5,14,9,2019,0,2,0,0,209950
d,16,6,11,9,2019,1,3,0,1,200000
d,16,2,10,9,2019,1,2,0,1,200000
d,16,1,12,9,2019,1,2,2,2,200000
d,16,5,10,9,2019,0,2,0,0,200000
d,30,5,11,9,2019,1,2,0,1,200000
d,16,0,11,9,2019,1,2,0,1,200000
d,15,0,11,9,2019,0,0,0,0,210000
d,14,5,11,9,2019,1,2,0,1,200000
d,15,5,10,9,2019,1,4,0,1,200000
d,16,1,12,9,2019,1,3,0,1,220000
d,16,1,14,9,2019,1,2,0,2,200000
d,16,0,10,9,2019,1,3,0,1,200000
d,30,5,11,9,2019,0,2,0,0,230000
d,14,5,11,9,2019,0,2,0,0,220000
d,14,5,11,9,2019,2,2,0,1,210000
d,14,5,11,9,2019,0,2,0,0,200000
d,15,0,11,9,2019,1,2,0,2,200000
d,14,0,11,9,2019,1,3,0,2,210000
d,14,5,12,9,2019,1,2,0,1,200000
d,19,1,13,9,2019,1,2,0,1,200000
d,16,6,11,9,2019,1,2,0,0,220000
d,17,5,12,9,2019,1,2,0,2,210000
d,14,5,12,9,2019,2,2,0,1,200000
d,14,5,14,9,2019,1,2,0,1,200000
d,16,1,10,9,2019,0,3,0,0,210000
d,30,0,13,9,2019,1,1,0,1,200000
d,16,0,11,9,2019,1,3,0,1,200000
d,14,5,11,9,2019,2,2,0,1,200000
d,16,6,11,9,2019,0,2,0,0,200000
d,18,5,10,9,2019,2,2,0,1,200000
d,14,5,14,9,2019,1,2,0,1,200000
d,16,2,11,9,2019,0,3,0,0,200000
d,19,0,14,9,2019,1,2,0,1,200000
d,16,2,11,9,2019,2,3,0,0,200000
d,16,5,11,9,2019,1,2,0,1,200000
d,14,5,11,9,2019,1,2,0,1,220000
d,14,5,11,9,2019,0,2,0,0,210000
d,14,5,11,9,2019,1,2,0,1,200000
d,14,5,11,9,2019,1,2,0,0,200000
d,14,5,11,9,2019,0,2,0,0,220000
d,15,5,14,9,2019,0,1,0,0,200000
d,14,5,11,9,2019,0,2,0,0,200000
d,14,5,14,9,2019,0,2,0,0,230000
d,15,1,11,9,2019,1,2,0,2,220000
d,19,5,10,9,2019,1,1,0,1,210000
d,14,5,11,9,2019,1,1,0,0,200000
d,19,5,11,9,2019,2,2,0,1,200000
d,19,5,11,9,2019,2,2,0,1,185000
d,14,5,14,9,2019,1,2,0,1,190000
d,19,2,11,9,2019,1,2,0,1,185000
d,18,2,14,9,2019,0,3,0,0,185000
d,16,5,14,9,2019,1,2,0,1,185000
d,15,5,10,9,2019,1,2,0,2,185000
d,16,5,11,9,2019,0,2,0,0,185000
d,14,5,11,9,2019,1,1,0,0,185000
d,19,5,12,9,2019,0,1,0,0,190000
d,16,5,11,9,2019,1,2,0,1,185000
d,14,5,10,9,2019,2,2,0,1,185000
d,15,5,11,9,2019,1,2,0,1,190000
d,15,5,10,9,2019,1,2,0,1,185000
d,16,0,11,9,2019,1,3,0,2,184950
d,14,5,11,9,2019,2,2,0,1,189950
d,15,0,13,9,2019,2,2,0,1,184950
d,14,0,11,9,2019,1,3,0,2,184950
d,14,5,10,9,2019,0,2,0,0,184950
d,30,5,11,9,2019,1,2,0,1,183000
d,18,5,13,9,2019,1,2,0,1,183000
d,17,5,13,9,2019,2,2,0,1,182950
d,15,5,11,9,2019,2,2,0,1,182950
d,30,0,13,9,2019,1,1,0,1,182000
d,18,5,12,9,2019,2,2,0,1,210000
d,14,5,11,9,2019,0,2,0,0,199950
d,16,1,11,9,2019,1,2,0,1,182000
d,15,5,11,9,2019,1,2,0,1,182000
d,14,5,11,9,2019,2,2,0,1,182000
d,30,5,11,9,2019,1,2,0,1,180000
d,14,5,11,9,2019,2,2,0,1,190000
d,18,5,11,9,2019,1,2,0,1,180000
d,14,5,10,9,2019,1,1,0,1,180000
d,19,5,11,9,2019,1,1,0,1,180000
d,14,5,14,9,2019,2,2,0,1,180000
d,14,5,14,9,2019,2,2,0,1,180000
d,14,0,11,9,2019,1,2,0,1,180000
d,14,5,12,9,2019,2,2,0,1,180000
d,19,0,12,9,2019,2,2,0,1,180000
d,17,5,11,9,2019,1,2,0,1,180000
d,18,5,14,9,2019,1,2,0,1,180000
d,16,0,11,9,2019,1,3,0,2,180000
d,16,2,11,9,2019,1,2,0,1,180000
d,14,5,11,9,2019,1,3,0,1,199950
d,19,5,13,9,2019,2,2,0,1,180000
d,14,5,12,9,2019,2,2,0,1,180000
d,18,5,13,9,2019,1,2,0,1,180000
d,18,5,11,9,2019,2,2,0,1,180000
d,17,5,11,9,2019,2,2,0,1,180000
d,19,5,12,9,2019,1,1,0,1,180000
d,14,5,14,9,2019,1,2,0,1,190000
d,19,5,11,9,2019,1,2,0,1,180000
d,14,5,11,9,2019,1,2,0,1,180000
d,16,0,14,9,2019,0,3,0,0,190000
d,16,5,14,9,2019,1,2,0,1,185000
d,14,5,14,9,2019,1,2,0,1,180000
d,16,5,14,9,2019,1,2,0,1,180000
d,19,5,14,9,2019,1,1,0,1,180000
d,14,0,14,9,2019,0,4,0,0,180000
d,14,5,11,9,2019,0,2,0,0,180000
d,15,5,14,9,2019,1,2,0,1,180000
d,14,5,14,9,2019,0,2,0,0,180000
d,19,1,12,9,2019,1,2,0,1,180000
d,16,2,11,9,2019,1,1,0,1,190000
d,15,5,10,9,2019,0,2,0,0,180000
d,16,0,11,9,2019,1,3,0,2,180000
d,18,5,12,9,2019,1,2,0,1,190000
d,16,5,12,9,2019,0,2,0,0,180000
d,15,5,11,9,2019,1,2,0,1,180000
d,19,5,11,9,2019,1,1,0,1,190000
d,16,5,11,9,2019,2,2,0,1,180000
d,15,5,11,9,2019,1,2,0,1,180000
d,17,5,11,9,2019,1,2,0,1,190000
d,15,5,10,9,2019,1,2,0,1,180000
d,19,5,11,9,2019,1,2,0,1,180000
d,15,5,11,9,2019,1,2,0,1,190000
d,14,5,11,9,2019,1,2,0,1,180000
d,16,2,11,9,2019,1,3,0,1,180000
d,16,5,12,9,2019,2,2,0,1,190000
d,30,0,11,9,2019,1,1,0,1,180000
d,14,5,10,9,2019,1,3,0,1,180000
d,16,5,10,9,2019,1,2,0,1,189950
d,16,2,11,9,2019,2,3,0,2,180000
d,18,0,11,9,2019,1,2,0,2,180000
d,30,2,12,9,2019,1,1,0,1,180000
d,19,5,11,9,2019,2,2,0,1,180000
d,16,5,11,9,2019,2,2,0,1,180000
d,16,5,14,9,2019,0,2,0,0,180000
d,18,5,12,9,2019,1,2,0,1,200000
d,15,2,11,9,2019,1,2,0,1,190000
d,14,5,11,9,2019,1,1,0,0,180000
d,18,0,11,9,2019,1,1,0,1,180000
d,18,5,11,9,2019,1,1,0,1,200000
d,17,5,11,9,2019,0,2,0,0,190000
d,19,5,11,9,2019,2,2,0,1,180000
d,15,5,12,9,2019,1,2,0,1,180000
d,14,5,14,9,2019,1,2,0,1,184950
d,15,5,10,9,2019,2,2,0,1,180000
d,16,5,11,9,2019,1,2,0,1,180000
d,18,5,11,9,2019,1,1,0,1,180000
d,19,5,11,9,2019,1,1,0,1,180000
d,19,5,11,9,2019,1,1,0,1,170000
d,16,5,11,9,2019,1,2,0,1,170000
d,18,5,11,9,2019,2,2,0,1,170000
d,18,5,11,9,2019,1,1,0,1,180000
d,18,5,11,9,2019,2,2,0,1,175000
d,15,5,14,9,2019,1,2,0,1,170000
d,17,5,10,9,2019,1,2,0,1,170000
d,14,5,14,9,2019,1,1,0,1,170000
d,15,5,11,9,2019,1,2,0,1,170000
d,19,2,14,9,2019,1,2,0,2,170000
d,16,5,11,9,2019,1,2,0,1,170000
d,16,5,10,9,2019,1,2,0,1,180000
d,19,6,12,9,2019,1,2,0,1,170000
d,16,5,11,9,2019,1,2,0,1,170000
d,14,5,14,9,2019,1,2,0,1,170000
d,14,5,12,9,2019,1,2,0,1,170000
d,30,6,11,9,2019,1,1,0,1,185000
d,16,5,12,9,2019,1,2,0,1,179995
d,18,5,11,9,2019,1,1,0,1,170000
d,15,5,11,9,2019,1,2,0,1,170000
d,17,5,13,9,2019,1,2,0,1,170000
d,14,5,10,9,2019,2,2,0,1,170000
d,18,6,12,9,2019,1,2,0,1,175000
d,14,5,11,9,2019,1,1,0,1,170000
d,19,6,11,9,2019,1,2,0,1,170000
d,17,5,11,9,2019,1,2,0,2,180000
d,30,5,11,9,2019,1,2,0,1,170000
d,15,5,11,9,2019,1,2,0,1,170000
d,15,5,11,9,2019,0,2,0,0,175000
d,14,5,10,9,2019,1,1,0,1,170000
d,17,5,11,9,2019,1,1,0,1,170000
d,14,5,14,9,2019,0,2,0,0,180000
d,15,5,10,9,2019,1,2,0,1,175000
d,14,5,10,9,2019,0,2,0,0,170000
d,14,5,11,9,2019,1,2,0,1,170000
d,17,6,11,9,2019,1,2,0,1,175000
d,15,5,11,9,2019,0,2,0,0,170000
d,15,5,11,9,2019,1,2,0,1,170000
d,18,5,11,9,2019,1,1,0,1,170000
d,14,5,11,9,2019,1,2,0,1,160000
d,19,5,11,9,2019,1,2,0,1,170000
d,15,5,11,9,2019,1,2,0,1,170000
d,19,5,12,9,2019,1,2,0,1,170000
d,19,5,14,9,2019,1,1,0,1,170000
d,18,5,11,9,2019,1,2,0,1,170000
d,14,5,11,9,2019,1,2,0,1,170000
d,14,5,11,9,2019,0,1,0,0,175000
d,16,5,11,9,2019,1,2,0,1,170000
d,14,5,11,9,2019,1,2,0,1,170000
d,30,5,11,9,2019,0,1,0,0,180000
d,15,5,11,9,2019,1,2,0,1,175000
d,14,5,11,9,2019,0,2,0,0,170000
d,15,5,14,9,2019,1,2,0,1,170000
d,18,6,11,9,2019,1,3,0,1,170000
d,30,5,11,9,2019,0,1,0,0,170000
d,19,5,12,9,2019,1,1,0,1,170000
d,19,5,11,9,2019,1,2,0,1,170000
d,14,5,11,9,2019,1,1,0,1,170000
d,30,0,11,9,2019,1,2,0,1,170000
d,16,5,11,9,2019,1,1,0,1,180000
d,16,5,11,9,2019,0,2,0,0,177000
d,14,0,14,9,2019,0,3,0,2,170000
d,14,5,14,9,2019,1,2,0,1,170000
d,19,5,11,9,2019,0,2,0,0,170000
d,14,5,11,9,2019,1,2,0,1,170000
d,17,5,10,9,2019,1,2,0,1,170000
d,15,5,13,9,2019,1,1,0,1,170000
d,18,0,12,9,2019,1,3,0,2,175000
d,30,0,14,9,2019,1,2,0,1,170000
d,19,6,10,9,2019,1,2,0,1,170000
d,16,5,11,9,2019,0,2,0,0,175000
d,19,5,11,9,2019,1,1,0,1,170000
d,19,5,11,9,2019,1,2,0,1,169995
d,15,5,11,9,2019,1,2,0,1,170500
d,30,0,11,9,2019,1,1,0,1,169995
d,16,5,11,9,2019,1,2,0,1,169995
d,19,5,11,9,2019,1,2,0,1,176995
d,14,5,10,9,2019,0,1,0,0,169995
d,16,5,11,9,2019,1,1,0,1,169950
d,17,5,12,9,2019,1,1,0,1,169950
d,15,5,11,9,2019,1,2,0,1,169950
d,14,5,11,9,2019,1,1,0,1,179950
d,19,5,13,9,2019,0,2,0,0,169950
d,18,5,11,9,2019,1,2,0,1,169950
d,14,5,14,9,2019,1,2,0,1,169950
d,16,5,11,9,2019,1,2,0,1,169950
d,15,5,11,9,2019,0,2,0,0,169950
d,14,5,11,9,2019,1,1,0,1,168950
d,16,5,12,9,2019,1,2,0,1,173500
d,14,5,10,9,2019,1,1,0,1,168950
d,18,5,13,9,2019,1,1,0,1,168950
d,30,5,11,9,2019,1,1,0,1,185000
d,14,5,11,9,2019,1,1,0,1,175000
d,30,5,11,9,2019,1,1,0,1,168950
d,19,5,11,9,2019,1,2,0,1,165000
d,18,5,10,9,2019,1,2,0,1,165000
d,18,0,11,9,2019,1,2,0,1,165000
d,16,5,11,9,2019,1,2,0,1,165000
d,14,5,10,9,2019,1,2,0,1,165000
d,16,5,11,9,2019,1,2,0,1,169950
d,14,5,11,9,2019,1,1,0,1,150000
d,16,5,11,9,2019,1,2,0,1,150000
d,16,5,11,9,2019,1,2,0,1,150000
d,15,5,11,9,2019,1,1,0,1,160000
d,18,5,11,9,2019,1,1,0,1,155000
d,18,0,11,9,2019,1,2,0,1,150000
d,15,5,11,9,2019,1,2,0,1,150000
d,14,5,11,9,2019,1,1,0,1,169950
d,15,5,11,9,2019,1,2,0,1,160000
d,15,5,14,9,2019,0,2,0,0,155000
d,19,5,11,9,2019,1,1,0,1,150000
d,14,5,11,9,2019,1,2,0,1,150000
d,15,5,14,9,2019,1,1,0,1,150000
d,17,5,14,9,2019,1,1,0,1,150000
d,17,5,14,9,2019,1,2,0,1,150000
d,19,5,11,9,2019,2,2,0,1,150000
d,18,5,14,9,2019,1,1,0,1,150000
d,14,5,12,9,2019,0,1,0,0,150000
d,14,5,11,9,2019,1,1,0,1,164950
d,14,5,10,9,2019,1,1,0,1,159995
d,15,5,11,9,2019,0,2,0,0,150000
d,14,5,10,9,2019,1,2,0,1,150000
d,17,5,13,9,2019,1,2,0,1,159950
d,15,5,11,9,2019,1,2,0,1,150000
d,15,5,13,9,2019,1,1,0,1,150000
d,15,5,12,9,2019,1,1,0,1,164950
d,19,5,11,9,2019,1,2,0,1,150000
d,14,5,10,9,2019,1,1,0,1,150000
d,17,5,11,9,2019,1,2,0,1,164950
d,17,5,11,9,2019,1,2,0,1,159950
d,18,5,11,9,2019,1,1,0,1,150000
d,14,5,11,9,2019,0,1,0,0,150000
d,17,5,11,9,2019,1,2,0,2,170000
d,14,5,10,9,2019,1,1,0,1,160000
d,15,5,11,9,2019,0,2,0,0,150000
d,15,0,13,9,2019,1,1,0,1,150000
d,15,5,11,9,2019,1,1,0,1,160000
d,16,5,12,9,2019,1,2,1,1,155000
d,14,5,11,9,2019,1,1,0,1,150000
d,15,5,11,9,2019,0,2,0,0,150000
d,14,5,10,9,2019,1,1,0,1,140000
d,19,6,11,9,2019,1,1,0,1,150000
d,15,5,11,9,2019,1,1,0,1,150000
d,14,6,11,9,2019,1,1,0,1,150000
d,16,5,12,9,2019,1,2,0,1,150000
d,15,5,14,9,2019,1,1,0,1,170000
d,14,5,14,9,2019,0,1,0,0,160000
d,18,5,12,9,2019,1,2,0,1,150000
d,14,5,11,9,2019,1,1,0,1,150000
d,19,5,11,9,2019,1,1,0,1,150000
d,16,5,11,9,2019,1,2,0,1,145000
d,18,6,11,9,2019,1,2,0,1,150000
d,19,5,11,9,2019,1,1,0,1,150000
d,15,5,11,9,2019,1,1,0,1,149950
d,19,5,12,9,2019,1,1,0,1,149950
d,16,5,14,9,2019,1,2,0,1,149950
d,15,5,13,9,2019,1,1,0,1,149950
d,18,0,11,9,2019,1,2,0,1,149950
d,19,6,11,9,2019,1,2,0,0,155000
d,15,5,11,9,2019,1,2,0,1,149950
d,15,5,11,9,2019,1,1,0,1,149950
d,16,6,11,9,2019,1,2,1,1,149950
d,15,5,12,9,2019,0,2,0,0,149950
d,15,5,11,9,2019,1,1,0,1,149950
d,14,5,10,9,2019,1,1,0,1,149000
d,14,5,12,9,2019,1,2,0,0,149000
d,14,5,10,9,2019,1,1,0,1,147500
d,30,5,11,9,2019,1,1,0,1,155000
d,16,5,11,9,2019,1,2,0,1,147500
d,16,5,11,9,2019,1,2,0,1,145000
d,18,5,11,9,2019,1,1,0,1,145000
d,14,5,11,9,2019,1,1,0,1,145000
d,18,5,11,9,2019,1,2,0,1,145000
d,14,5,11,9,2019,1,1,0,0,145000
d,15,5,11,9,2019,1,1,0,1,145000
d,19,5,11,9,2019,0,1,0,0,145000
d,17,5,11,9,2019,1,1,0,1,145000
d,14,5,13,9,2019,1,2,0,1,145000
d,15,5,14,9,2019,1,1,0,1,145000
d,16,5,11,9,2019,1,2,0,0,145000
d,16,6,12,9,2019,1,1,0,1,145000
d,14,5,10,9,2019,1,1,0,1,145000
d,18,5,10,9,2019,1,1,0,1,150000
d,15,5,12,9,2019,0,1,0,0,145000
d,14,5,10,9,2019,1,1,0,1,145000
d,15,5,11,9,2019,1,2,0,1,145000
d,14,5,13,9,2019,1,1,0,1,145000
d,19,5,10,9,2019,1,1,0,1,155000
d,15,6,11,9,2019,1,1,0,2,145000
d,15,5,10,9,2019,1,1,0,1,145000
d,16,5,12,9,2019,1,1,0,1,145000
d,19,5,11,9,2019,1,1,0,1,145000
d,15,5,11,9,2019,1,1,0,1,149950
d,18,5,11,9,2019,1,2,0,1,145000
d,16,5,12,9,2019,1,1,0,1,145000
d,18,5,12,9,2019,1,1,0,1,145000
d,18,5,13,9,2019,1,2,0,1,143000
d,15,5,14,9,2019,1,1,0,1,143000
d,16,5,11,9,2019,1,1,0,1,142500
d,15,5,12,9,2019,1,1,0,1,142500
d,15,5,11,9,2019,1,2,0,1,130000
d,16,5,11,9,2019,1,1,0,1,140000
d,16,5,11,9,2019,1,1,0,1,130000
d,15,5,10,9,2019,1,1,0,1,130000
d,15,5,10,9,2019,1,1,0,1,135000
d,15,5,11,9,2019,1,1,0,1,130000
d,30,5,11,9,2019,1,1,0,1,130000
d,15,5,10,9,2019,1,1,0,1,140000
d,19,5,14,9,2019,1,1,0,1,130000
d,16,5,12,9,2019,1,2,0,1,130000
d,15,5,14,9,2019,1,1,0,1,140000
d,14,5,11,9,2019,1,1,0,1,130000
d,14,5,11,9,2019,1,1,0,0,130000
d,14,5,11,9,2019,1,1,0,0,130000
d,16,5,12,9,2019,1,1,0,1,130000
d,15,5,11,9,2019,1,1,0,1,130000
d,18,5,11,9,2019,1,1,0,1,130000
d,14,5,11,9,2019,1,1,0,1,140000
d,16,5,11,9,2019,0,1,0,0,130000
d,14,5,10,9,2019,0,1,0,0,130000
d,14,5,10,9,2019,1,1,0,0,130000
d,15,5,11,9,2019,1,1,0,1,130000
d,18,5,11,9,2019,1,2,0,1,130000
d,18,5,11,9,2019,1,2,0,0,130000
d,30,0,11,9,2019,1,2,0,1,130000
d,15,5,12,9,2019,1,1,0,1,130000
d,15,5,11,9,2019,1,1,0,1,135000
d,30,5,12,9,2019,1,1,0,1,130000
d,19,5,13,9,2019,1,1,0,1,130000
d,15,5,12,9,2019,0,1,0,0,139950
d,16,5,11,9,2019,0,1,0,0,130000
d,18,6,11,9,2019,1,2,0,1,129950
d,18,5,11,9,2019,1,1,0,1,129950
d,15,5,11,9,2019,1,1,0,1,129950
d,19,5,13,9,2019,1,1,0,1,129950
d,16,5,10,9,2019,1,1,0,1,129950
d,18,5,13,9,2019,1,1,0,1,129950
d,15,5,11,9,2019,1,1,0,1,129950
d,30,5,13,9,2019,1,1,0,1,129950
d,15,0,11,9,2019,1,2,0,1,129950
d,19,5,10,9,2019,1,1,0,1,129950
d,14,5,11,9,2019,1,1,0,1,129950
d,14,5,12,9,2019,1,1,0,1,129950
d,15,5,11,9,2019,0,1,0,0,129950
d,19,5,11,9,2019,1,1,0,1,134950
d,17,5,11,9,2019,1,1,0,1,129950
d,14,6,11,9,2019,1,2,0,1,129950
d,17,5,11,9,2019,1,1,0,1,142000
d,15,5,11,9,2019,1,1,0,1,139950
d,17,5,11,9,2019,1,1,1,1,134950
d,15,5,14,9,2019,0,1,0,0,129950
d,15,5,11,9,2019,0,1,0,0,129950
d,14,5,12,9,2019,1,1,0,0,129950
d,14,5,12,9,2019,0,1,0,0,129950
d,15,6,10,9,2019,1,2,0,1,129950
d,18,6,11,9,2019,1,1,0,1,127500
d,15,5,11,9,2019,1,1,0,1,127500
d,15,5,11,9,2019,1,1,0,1,170000
d,19,5,12,9,2019,1,1,0,1,127500
d,17,5,13,9,2019,1,1,0,1,127500
d,17,5,11,9,2019,1,2,0,1,127500
d,14,13,10,9,2019,1,0,0,1,125000
d,16,5,11,9,2019,1,1,0,1,140000
d,18,5,13,9,2019,1,2,0,1,125000
d,15,5,11,9,2019,1,1,0,1,125000
d,16,5,12,9,2019,1,2,0,1,125000
d,19,5,11,9,2019,0,1,0,0,125000
d,19,5,11,9,2019,1,1,0,1,125000
d,15,5,11,9,2019,1,1,0,1,125000
d,15,5,11,9,2019,1,1,0,1,140000
d,15,5,11,9,2019,1,1,0,1,130000
d,14,13,12,9,2019,1,1,0,1,125000
d,18,5,14,9,2019,1,1,0,1,125000
d,14,5,11,9,2019,0,1,0,0,125000
d,19,5,11,9,2019,1,1,0,1,125000
d,16,5,14,9,2019,0,1,0,0,125000
d,14,5,11,9,2019,1,1,0,1,125000
d,14,13,12,9,2019,1,0,0,1,135000
d,16,6,11,9,2019,1,1,0,1,130000
d,14,5,10,9,2019,1,1,0,1,125000
d,19,5,11,9,2019,1,1,0,1,125000
d,18,6,10,9,2019,1,2,0,1,125000
d,15,5,11,9,2019,1,1,0,1,125000
d,19,5,11,9,2019,1,1,0,1,135000
d,19,5,11,9,2019,1,1,0,1,125000
d,18,6,11,9,2019,1,1,0,1,125000
d,15,5,11,9,2019,1,1,0,1,129950
d,19,5,14,9,2019,1,2,0,1,125000
d,15,5,14,9,2019,1,1,0,1,125000
d,14,5,14,9,2019,0,1,0,0,130000
d,18,6,11,9,2019,1,2,0,1,125000
d,16,5,13,9,2019,1,2,0,1,125000
d,14,5,11,9,2019,0,1,0,0,125000
d,19,5,11,9,2019,1,1,0,1,125000
d,17,5,11,9,2019,1,1,0,1,125000
d,19,5,11,9,2019,1,1,0,1,125000
d,14,5,11,9,2019,1,1,0,1,130000
d,15,5,12,9,2019,1,2,0,1,125000
d,15,5,13,9,2019,1,1,0,1,125000
d,15,5,11,9,2019,1,1,0,1,150000
d,15,5,11,9,2019,1,1,0,1,109950
d,14,6,10,9,2019,1,2,0,1,109950
d,19,5,11,9,2019,1,1,0,1,109500
d,16,5,11,9,2019,1,1,0,0,109500
d,19,5,11,9,2019,1,1,0,1,107999
d,19,5,11,9,2019,1,2,0,1,114950
d,14,5,11,9,2019,1,1,0,1,114000
d,19,5,11,9,2019,0,1,0,0,113499
d,15,5,13,9,2019,1,1,0,1,113000
d,15,5,11,9,2019,1,1,0,1,108500
d,19,5,11,9,2019,1,2,0,1,107999
d,19,5,11,9,2019,1,1,0,1,107000
d,19,5,11,9,2019,1,1,0,1,107000
d,15,6,14,9,2019,0,1,0,0,105000
d,14,5,11,9,2019,1,1,0,1,105000
d,15,5,14,9,2019,1,1,0,1,105000
d,15,5,14,9,2019,0,1,0,0,130000
d,19,5,14,9,2019,1,1,0,1,125000
d,15,5,11,9,2019,1,1,0,1,120000
d,14,5,11,9,2019,1,1,0,1,105000
d,15,5,10,9,2019,1,1,0,1,100000
d,17,5,11,9,2019,0,1,0,0,100000
d,16,5,11,9,2019,0,1,0,0,100000
d,17,5,11,9,2019,0,1,0,0,105000
d,17,5,10,9,2019,1,1,0,1,100000
d,18,0,14,9,2019,1,1,0,1,100000
d,15,5,11,9,2019,1,1,0,1,120000
d,16,0,11,9,2019,0,1,0,0,115000
d,16,0,11,9,2019,0,1,0,0,100000
d,14,5,13,9,2019,1,1,0,1,100000
d,17,5,11,9,2019,1,1,0,0,110000
d,30,13,11,9,2019,1,0,0,1,100000
d,16,13,11,9,2019,1,0,0,1,100000
d,17,0,11,9,2019,1,1,0,1,115000
d,18,5,11,9,2019,1,1,0,0,100000
d,18,5,11,9,2019,1,2,0,1,100000
d,18,5,11,9,2019,0,1,0,0,100000
d,15,13,10,9,2019,0,0,0,0,100000
d,18,0,11,9,2019,1,1,0,1,100000
d,18,0,11,9,2019,1,1,0,1,100000
d,18,5,11,9,2019,1,1,0,1,124950
d,18,5,11,9,2019,1,1,0,1,119950
d,18,5,14,9,2019,1,2,0,1,110000
d,15,0,14,9,2019,0,1,0,0,109950
d,14,5,13,9,2019,1,1,0,0,100000
d,14,5,13,9,2019,1,1,0,1,100000
d,15,13,11,9,2019,1,0,0,0,115000
d,18,0,11,9,2019,1,1,0,1,100000
d,16,5,10,9,2019,0,2,0,0,100000
d,16,0,13,9,2019,1,1,0,1,115000
d,15,5,11,9,2019,1,2,0,1,100000
d,31,3,12,9,2019,0,3,0,0,100000
d,15,13,11,9,2019,1,0,0,1,119500
d,30,0,11,9,2019,1,1,0,1,110000
d,18,5,11,9,2019,1,1,0,1,100000
d,19,12,14,9,2019,0,0,0,0,115000
d,15,5,11,9,2019,1,1,0,1,105000
d,17,5,13,9,2019,1,1,0,1,100000
d,17,5,11,9,2019,0,1,0,0,100000
d,14,13,11,9,2019,1,0,0,0,110000
d,15,13,11,9,2019,1,0,0,0,100000
d,17,5,11,9,2019,1,1,0,1,100000
d,31,0,12,9,2019,0,2,0,0,119950
d,16,13,12,9,2019,0,0,0,0,100000
d,18,5,11,9,2019,1,1,0,1,100000
d,30,0,11,9,2019,1,1,0,1,100000
d,19,5,11,9,2019,1,1,0,1,100000
d,19,5,11,9,2019,2,2,0,0,110000
d,19,5,11,9,2019,1,1,0,1,100000
d,19,5,11,9,2019,2,2,0,0,99995
d,19,5,11,9,2019,2,2,0,0,99995
d,19,5,11,9,2019,1,2,0,1,99950
d,19,5,11,9,2019,1,2,0,1,114950
d,19,5,11,9,2019,1,2,0,1,109950
d,15,0,14,9,2019,0,2,0,0,99950
d,19,6,11,9,2019,1,1,0,1,99950
d,19,5,10,9,2019,0,1,0,1,99950
d,15,5,11,9,2019,1,1,0,1,99950
d,18,5,14,9,2019,1,1,0,1,90000